{
    "anchorpoints": [],
    "portpins": [
        {
            "name": "1",
            "position": [
                -57.5353,
                -63.458053191488986,
                5.492200000000001
            ],
            "rotation": [
                0.0,
                0.0,
                -1.0,
                -0.0,
                1.0,
                0.0,
                1.0,
                0.0,
                0.0
            ]
        }
    ],
    "version": 7
}