{
    "anchorpoints": [],
    "portpins": [
        {
            "name": "1",
            "position": [
                -24.83,
                0.0,
                3.1775
            ],
            "rotation": [
                0.0,
                0.0,
                -1.0,
                -0.0,
                1.0,
                0.0,
                1.0,
                0.0,
                0.0
            ]
        },
        {
            "name": "2",
            "position": [
                -24.83,
                -44.6808510638297,
                3.1775
            ],
            "rotation": [
                0.0,
                0.0,
                -1.0,
                -0.0,
                1.0,
                0.0,
                1.0,
                0.0,
                0.0
            ]
        },
        {
            "name": "3",
            "position": [
                -24.83,
                -92.49010212765941,
                3.1775
            ],
            "rotation": [
                0.0,
                0.0,
                -1.0,
                -0.0,
                1.0,
                0.0,
                1.0,
                0.0,
                0.0
            ]
        },
        {
            "name": "4",
            "position": [
                -24.83,
                -134.042553191489,
                3.1775
            ],
            "rotation": [
                0.0,
                0.0,
                -1.0,
                -0.0,
                1.0,
                0.0,
                1.0,
                0.0,
                0.0
            ]
        }
    ],
    "version": 7
}